TransactionId,items
1,"[Shoes, Socks, Belt]"
2,"[T-Shirt, Shoes]"
3,"[Tempered Glass, Mobile-BackCover]"
4,"[BasketBall, Knee-Guard, Shoes]"
5,"[Cricket-Ball, Cricket-Bat]"
6,"[Bag, Bottle, Pens, Pencil]"
7,"[Flower vase, Table, Chair]"
8,"[WirelessMouse, Pendrive, Headphones]"
9,"[BasketBall, Knee-Guard, Shoes]"
10,"[TongueCleaner, ToothPaste]"
11,"[Tempered Glass, Mobile-BackCover]"
12,"[BasketBall, Knee-Guard, Shoes]"
13,"[Mobile, Mobile-BackCover, Headphones]"
14,"[Shoes, Socks, Watch]"
15,"[Shoes, Blazer, Tie]"
16,"[Flower vase, Table, Chair]"
17,"[BasketBall, Knee-Guard, Shoes]"
18,"[Shoes, Socks,]"
19,"[Blazer, Tie, Watch]"
20,"[Air-Conditioner, Table, Chair]"
21,"[Blazer, Tie, Shoes]"
22,"[Dress, WomenHeels, Earrings]"
23,"[BasketBall, Knee-Guard, Shoes]"
24,"[Blazer, Watch, Shoes]"
25,"[Flower vase, Table, Chair]"
26,"[Pendrive, Headphones, WirelessMouse]"
27,"[WirelessMouse, Pendrive, Headphones]"
28,"[T-Shirt, Shoes]"
29,"[Laptop, LaptopSkin, WirelessMouse]"
30,"[T-Shirt, Watch]"
31,"[LaptopSkin, WirelessMouse]"
32,"[WirelessMouse, Laptop, LaptopSkin]"
33,"[T-Shirt, Shoes]"
34,"[Flower vase, Table, Chair]"
35,"[Pens, Pencil, Notebook]"
36,"[T-Shirt, Watch]"
37,"[Blazer, Tie]"
38,"[BasketBall, Knee-Guard, Shoes]"
39,"[Notebook, Pencil]"
40,"[T-Shirt, Watch]"
41,"[Flower vase, Table, Chair]"
42,"[Pencil, Pens]"
43,"[T-Shirt, Watch]"
44,"[Notebook, Pens]"
45,"[T-Shirt, Watch]"
46,"[T-Shirt, Watch]"
47,"[BasketBall, Knee-Guard, Shoes]"
48,"[Dress, WomenHeels, Earrings]"
49,"[Earrings, Dress]"
50,"[Dress, Earrings]"
51,"[WomenHeels, Earrings]"
52,"[Dress, WomenHeels]"
53,"[Earrings, Dress]"
54,"[Bag, Bottle, Pens, Pencil]"
55,"[Wallet, Sunglasses]"
56,"[Television, Air-Conditioner]"
57,"[Sunglasses, Perfumes]"
58,"[Perfumes, Wallet]"
59,"[Wallet, Sunglasses]"
60,"[Perfumes, Blazer, T-Shirt]"
61,"[Flower vase, Table, Chair]"
62,"[Perfumes, T-Shirt]"
63,"[Perfumes, T-Shirt]"
64,"[ToothPaste, ToothBrush]"
65,"[TongueCleaner, ToothPaste]"
66,"[FaceWash, ToothPaste, TongueCleaner]"
67,"[TongueCleaner,	ToothBrush]"
68,"[FaceWash, ToothPaste, ToothBrush]"
69,"[TongueCleaner, ToothPaste]"
70,"[Cricket-Ball, Cricket-Bat, Helmet]"
71,"[Gloves, Cricket-Bat, Cricket-Ball]"
72,"[Television, Air-Conditioner]"
73,"[Helmet, Gloves]"
74,"[Gloves, Helmet	]"
75,"[Flower vase, Table, Chair]"
76,"[Cricket-Bat, Cricket-Ball]"
77,"[Helmet, Gloves]"
78,"[Belt, Shoes, Tie]"
79,"[Tie, Blazer, Wallet]"
80,"[Television, Air-Conditioner]"
81,"[Wallet, Shoes, Sunglasses]"
82,"[Dress, Purse]"
83,"[FaceWash, T-Shirt, Belt]"
84,"[Dress, WomenHeels]"
85,"[Mobile, Mobile-BackCover, Headphones]"
86,"[Bag, Bottle, Belt]"
87,"[TongueCleaner, ToothPaste, FaceWash]"
88,"[Bag, Bottle, Pens, Pencil]"
89,"[Laptop, LaptopSkin, WirelessMouse]"
90,"[Blazer, Watch, Shoes]"
91,"[Tempered Glass, Mobile-BackCover]"
92,"[Helmet, Gloves, Knee-Guard]"
93,"[Knee-Guard, Gloves]"
94,"[Gloves, Knee-Guard]"
95,"[Tempered Glass, Mobile-BackCover]"
96,"[Cricket-Ball, Cricket-Bat]"
97,"[Bag, Bottle]"
98,"[TongueCleaner, ToothPaste]"
99,"[Television, Air-Conditioner]"
100,"[Flower vase, Table, Chair]"
101,"[StudyLamp, Table]"
102,"[Bedsheet, Cushion, Blanket]"
103,"[Blanket, Cushion]"
104,"[Induction-CookTops, Induction-Cookware]"
105,"[Flower vase, Table, Chair]"
106,"[Induction-CookTops, Induction-Cookware]"
107,"[Table, StudyLamp]"
108,"[Induction-CookTops, Induction-Cookware]"
109,"[Bedsheet, Cushion]"
110,"[StudyLamp, Table, Chair]"
111,"[Tempered Glass, Mobile-BackCover]"
112,"[Cricket-Ball, Cricket-Bat]"
113,"[Bag, Bottle, Pens, Pencil]"
114,"[Television, Air-Conditioner]"
115,"[WirelessMouse, Pendrive, Headphones]"
116,"[TongueCleaner, ToothPaste]"
117,"[Tempered Glass, Mobile-BackCover]"
118,"[Television, Air-Conditioner]"
119,"[Mobile, Mobile-BackCover, Headphones]"
120,"[Chair, Flower vase, Table]"
121,"[Knee-Guard, Helmet, Cricket-Bat, Cricket-Ball]"
122,"[Flower vase, Table, Chair]"
123,"[Bedsheet, Cushion]"
124,"[Induction-CookTops, Induction-Cookware]"
125,"[Flower vase, Table, Chair]"
126,"[Cricket-Ball, Cricket-Bat]"
127,"[Bag, Bottle]"
128,"[Induction-CookTops, Induction-Cookware]"
129,"[Television, Air-Conditioner, Table, Chair]"
130,"[Flower vase, Table, Chair]"
131,"[Cricket-Ball, Cricket-Bat]"
132,"[Bag, Bottle]"
133,"[Blazer, Watch, Shoes]"
134,"[Pendrive, Headphones, WirelessMouse]"
135,"[Television, Air-Conditioner]"
136,"[WirelessMouse, Pendrive, Headphones]"
137,"[T-Shirt, Shoes]"
138,"[TongueCleaner, ToothPaste]"
139,"[WirelessMouse, Pendrive, Headphones]"
140,"[Induction-CookTops, Induction-Cookware]"
141,"[TongueCleaner, ToothPaste]"
142,"[Induction-CookTops, Induction-Cookware]"
143,"[Flower vase, Table, Chair]"
144,"[TongueCleaner, ToothPaste]"
145,"[Induction-CookTops, Induction-Cookware]"
146,"[Bag, Bottle]"
147,"[TongueCleaner, ToothPaste]"
148,"[WirelessMouse, Pendrive, Headphones]"
149,"[Cricket-Ball, Cricket-Bat]"
150,"[Tempered Glass, Mobile-BackCover]"
151,"[Television, Air-Conditioner]"
152,"[Flower vase, Table, Chair]"
153,"[Bedsheet, Cushion]"
154,"[Bag, Bottle, Pens, Pencil]"
155,"[Television, Air-Conditioner]"
156,"[TongueCleaner, ToothPaste]"
157,"[Flower vase, Table, Chair]"
158,"[BasketBall, Knee-Guard]"
159,"[Flower vase, Table, Chair]"
160,"[Cricket-Ball, Cricket-Bat]"
161,"[Bag, Bottle]"
162,"[Television, Air-Conditioner]"
163,"[TongueCleaner, ToothPaste]"
164,"[WirelessMouse, Pendrive, Headphones]"
165,"[Flower vase, Table, Chair]"
166,"[Bedsheet, Cushion]"
167,"[TongueCleaner, ToothPaste]"
168,"[Induction-CookTops, Induction-Cookware]"
169,"[Cushion, Blanket, Bedsheet]"
170,"[BasketBall, Knee-Guard, Shoes]"
171,"[TongueCleaner, ToothPaste]"
172,"[Induction-CookTops, Induction-Cookware]"
173,"[Bedsheet, Cushion]"
174,"[Flower vase, Table, Chair]"
175,"[Tempered Glass, Mobile-BackCover]"
176,"[Bag, Bottle, Pens, Pencil]"
177,"[Television, Air-Conditioner]"
178,"[TongueCleaner, ToothPaste]"
179,"[Cricket-Ball, Cricket-Bat]"
180,"[Blanket, Cushion]"
181,"[BasketBall, Knee-Guard, Shoes]"
182,"[Shoes, Socks, Belt]"
183,"[T-Shirt, Shoes]"
184,"[Tempered Glass, Mobile-BackCover]"
185,"[BasketBall, Knee-Guard, Shoes]"
186,"[Cricket-Ball, Cricket-Bat]"
187,"[Bag, Bottle, Pens, Pencil]"
188,"[Flower vase, Table, Chair]"
189,"[WirelessMouse, Pendrive, Headphones]"
190,"[BasketBall, Knee-Guard, Shoes]"
191,"[TongueCleaner, ToothPaste]"
192,"[Tempered Glass, Mobile-BackCover]"
193,"[BasketBall, Knee-Guard, Shoes]"
194,"[Mobile, Mobile-BackCover, Headphones]"
195,"[Shoes, Socks, Watch]"
196,"[Shoes, Blazer, Tie]"
197,"[Flower vase, Table, Chair]"
198,"[BasketBall, Knee-Guard, Shoes]"
199,"[Shoes, Socks,]"
200,"[Blazer, Tie, Watch]"
201,"[Air-Conditioner, Table, Chair]"
202,"[Blazer, Tie, Shoes]"
203,"[Dress, WomenHeels, Earrings]"
204,"[BasketBall, Knee-Guard, Shoes]"
205,"[Blazer, Watch, Shoes]"
206,"[Flower vase, Table, Chair]"
207,"[Pendrive, Headphones, WirelessMouse]"
208,"[WirelessMouse, Pendrive, Headphones]"
209,"[T-Shirt, Shoes]"
210,"[Laptop, LaptopSkin, WirelessMouse]"
211,"[T-Shirt, Watch]"
212,"[LaptopSkin, WirelessMouse]"
213,"[WirelessMouse, Laptop, LaptopSkin]"
214,"[T-Shirt, Shoes]"
215,"[Flower vase, Table, Chair]"
216,"[Pens, Pencil, Notebook]"
217,"[T-Shirt, Watch]"
218,"[Blazer, Tie]"
219,"[BasketBall, Knee-Guard, Shoes]"
220,"[Notebook, Pencil]"
221,"[T-Shirt, Watch]"
222,"[Flower vase, Table, Chair]"
223,"[Pencil, Pens]"
224,"[T-Shirt, Watch]"
225,"[Notebook, Pens]"
226,"[T-Shirt, Watch]"
227,"[T-Shirt, Watch]"
228,"[BasketBall, Knee-Guard, Shoes]"
229,"[Dress, WomenHeels, Earrings]"
230,"[Earrings, Dress]"
231,"[Dress, Earrings]"
232,"[WomenHeels, Earrings]"
233,"[Dress, WomenHeels]"
234,"[Earrings, Dress]"
235,"[Bag, Bottle, Pens, Pencil]"
236,"[Wallet, Sunglasses]"
237,"[Television, Air-Conditioner]"
238,"[Sunglasses, Perfumes]"
239,"[Perfumes, Wallet]"
240,"[Wallet, Sunglasses]"
241,"[Perfumes, Blazer, T-Shirt]"
242,"[Flower vase, Table, Chair]"
243,"[Perfumes, T-Shirt]"
244,"[Perfumes, T-Shirt]"
245,"[ToothPaste, ToothBrush]"
246,"[TongueCleaner, ToothPaste]"
247,"[FaceWash, ToothPaste, TongueCleaner]"
248,"[TongueCleaner,	ToothBrush]"
249,"[FaceWash, ToothPaste, ToothBrush]"
250,"[TongueCleaner, ToothPaste]"
251,"[Cricket-Ball, Cricket-Bat, Helmet]"
252,"[Gloves, Cricket-Bat, Cricket-Ball]"
253,"[Television, Air-Conditioner]"
254,"[Helmet, Gloves]"
255,"[Gloves, Helmet	]"
256,"[Flower vase, Table, Chair]"
257,"[Cricket-Bat, Cricket-Ball]"
258,"[Helmet, Gloves]"
259,"[Belt, Shoes, Tie]"
260,"[Tie, Blazer, Wallet]"
261,"[Television, Air-Conditioner]"
262,"[Wallet, Shoes, Sunglasses]"
263,"[Dress, Purse]"
264,"[FaceWash, T-Shirt, Belt]"
265,"[Dress, WomenHeels]"
266,"[Mobile, Mobile-BackCover, Headphones]"
267,"[Bag, Bottle, Belt]"
268,"[TongueCleaner, ToothPaste, FaceWash]"
269,"[Bag, Bottle, Pens, Pencil]"
270,"[Laptop, LaptopSkin, WirelessMouse]"
271,"[Blazer, Watch, Shoes]"
272,"[Tempered Glass, Mobile-BackCover]"
273,"[Helmet, Gloves, Knee-Guard]"
274,"[Knee-Guard, Gloves]"
275,"[Gloves, Knee-Guard]"
276,"[Tempered Glass, Mobile-BackCover]"
277,"[Cricket-Ball, Cricket-Bat]"
278,"[Bag, Bottle]"
279,"[TongueCleaner, ToothPaste]"
280,"[Television, Air-Conditioner]"
281,"[Flower vase, Table, Chair]"
282,"[StudyLamp, Table]"
283,"[Bedsheet, Cushion, Blanket]"
284,"[Blanket, Cushion]"
285,"[Induction-CookTops, Induction-Cookware]"
286,"[Flower vase, Table, Chair]"
287,"[Induction-CookTops, Induction-Cookware]"
288,"[Table, StudyLamp]"
289,"[Induction-CookTops, Induction-Cookware]"
290,"[Bedsheet, Cushion]"
291,"[StudyLamp, Table, Chair]"
292,"[Tempered Glass, Mobile-BackCover]"
293,"[Cricket-Ball, Cricket-Bat]"
294,"[Bag, Bottle, Pens, Pencil]"
295,"[Television, Air-Conditioner]"
296,"[WirelessMouse, Pendrive, Headphones]"
297,"[TongueCleaner, ToothPaste]"
298,"[Tempered Glass, Mobile-BackCover]"
299,"[Television, Air-Conditioner]"
300,"[Mobile, Mobile-BackCover, Headphones]"
301,"[Chair, Flower vase, Table]"
302,"[Knee-Guard, Helmet, Cricket-Bat, Cricket-Ball]"
303,"[Flower vase, Table, Chair]"
304,"[Bedsheet, Cushion]"
305,"[Induction-CookTops, Induction-Cookware]"
306,"[Flower vase, Table, Chair]"
307,"[Cricket-Ball, Cricket-Bat]"
308,"[Bag, Bottle]"
309,"[Induction-CookTops, Induction-Cookware]"
310,"[Television, Air-Conditioner, Table, Chair]"
311,"[Flower vase, Table, Chair]"
312,"[Cricket-Ball, Cricket-Bat]"
313,"[Bag, Bottle]"
314,"[Blazer, Watch, Shoes]"
315,"[Pendrive, Headphones, WirelessMouse]"
316,"[Television, Air-Conditioner]"
317,"[WirelessMouse, Pendrive, Headphones]"
318,"[T-Shirt, Shoes]"
319,"[TongueCleaner, ToothPaste]"
320,"[WirelessMouse, Pendrive, Headphones]"
321,"[Induction-CookTops, Induction-Cookware]"
322,"[TongueCleaner, ToothPaste]"
323,"[Induction-CookTops, Induction-Cookware]"
324,"[Flower vase, Table, Chair]"
325,"[TongueCleaner, ToothPaste]"
326,"[Induction-CookTops, Induction-Cookware]"
327,"[Bag, Bottle]"
328,"[TongueCleaner, ToothPaste]"
329,"[WirelessMouse, Pendrive, Headphones]"
330,"[Cricket-Ball, Cricket-Bat]"
331,"[Tempered Glass, Mobile-BackCover]"
332,"[Television, Air-Conditioner]"
333,"[Flower vase, Table, Chair]"
334,"[Bedsheet, Cushion]"
335,"[Bag, Bottle, Pens, Pencil]"
336,"[Television, Air-Conditioner]"
337,"[TongueCleaner, ToothPaste]"
338,"[Flower vase, Table, Chair]"
339,"[BasketBall, Knee-Guard]"
340,"[Flower vase, Table, Chair]"
341,"[Cricket-Ball, Cricket-Bat]"
342,"[Bag, Bottle]"
343,"[Television, Air-Conditioner]"
344,"[TongueCleaner, ToothPaste]"
345,"[WirelessMouse, Pendrive, Headphones]"
346,"[Flower vase, Table, Chair]"
347,"[Bedsheet, Cushion]"
348,"[TongueCleaner, ToothPaste]"
349,"[Induction-CookTops, Induction-Cookware]"
350,"[Cushion, Blanket, Bedsheet]"
352,"[TongueCleaner, ToothPaste]"
353,"[Induction-CookTops, Induction-Cookware]"
354,"[Bedsheet, Cushion]"
355,"[Flower vase, Table, Chair]"
356,"[Tempered Glass, Mobile-BackCover]"
357,"[Bag, Bottle, Pens, Pencil]"
358,"[Television, Air-Conditioner]"
359,"[TongueCleaner, ToothPaste]"
360,"[Cricket-Ball, Cricket-Bat]"
361,"[Blanket, Cushion]"
363,"[Shoes, Socks, Belt]"
364,"[T-Shirt, Shoes]"
365,"[Tempered Glass, Mobile-BackCover]"
367,"[Cricket-Ball, Cricket-Bat]"
368,"[Bag, Bottle, Pens, Pencil]"
369,"[Flower vase, Table, Chair]"
370,"[WirelessMouse, Pendrive, Headphones]"
372,"[TongueCleaner, ToothPaste]"
373,"[Tempered Glass, Mobile-BackCover]"
375,"[Mobile, Mobile-BackCover, Headphones]"
376,"[Shoes, Socks, Watch]"
377,"[Shoes, Blazer, Tie]"
378,"[Flower vase, Table, Chair]"
380,"[Shoes, Socks,]"
381,"[Blazer, Tie, Watch]"
382,"[Air-Conditioner, Table, Chair]"
383,"[Blazer, Tie, Shoes]"
384,"[Dress, WomenHeels, Earrings]"
386,"[Blazer, Watch, Shoes]"
387,"[Flower vase, Table, Chair]"
388,"[Pendrive, Headphones, WirelessMouse]"
389,"[WirelessMouse, Pendrive, Headphones]"
390,"[T-Shirt, Shoes]"
391,"[Laptop, LaptopSkin, WirelessMouse]"
392,"[T-Shirt, Watch]"
393,"[LaptopSkin, WirelessMouse]"
394,"[WirelessMouse, Laptop, LaptopSkin]"
395,"[T-Shirt, Shoes]"
396,"[Flower vase, Table, Chair]"
397,"[Pens, Pencil, Notebook]"
398,"[T-Shirt, Watch]"
399,"[Blazer, Tie]"
401,"[Notebook, Pencil]"
402,"[T-Shirt, Watch]"
403,"[Flower vase, Table, Chair]"
404,"[Pencil, Pens]"
405,"[T-Shirt, Watch]"
406,"[Notebook, Pens]"
407,"[T-Shirt, Watch]"
408,"[T-Shirt, Watch]"
410,"[Dress, WomenHeels, Earrings]"
411,"[Earrings, Dress]"
412,"[Dress, Earrings]"
413,"[WomenHeels, Earrings]"
414,"[Dress, WomenHeels]"
415,"[Earrings, Dress]"
416,"[Bag, Bottle, Pens, Pencil]"
417,"[Wallet, Sunglasses]"
418,"[Television, Air-Conditioner]"
419,"[Sunglasses, Perfumes]"
420,"[Perfumes, Wallet]"
421,"[Wallet, Sunglasses]"
422,"[Perfumes, Blazer, T-Shirt]"
423,"[Flower vase, Table, Chair]"
424,"[Perfumes, T-Shirt]"
425,"[Perfumes, T-Shirt]"
426,"[ToothPaste, ToothBrush]"
427,"[TongueCleaner, ToothPaste]"
428,"[FaceWash, ToothPaste, TongueCleaner]"
429,"[TongueCleaner,	ToothBrush]"
430,"[FaceWash, ToothPaste, ToothBrush]"
431,"[TongueCleaner, ToothPaste]"
432,"[Cricket-Ball, Cricket-Bat, Helmet]"
433,"[Gloves, Cricket-Bat, Cricket-Ball]"
434,"[Television, Air-Conditioner]"
435,"[Helmet, Gloves]"
436,"[Gloves, Helmet	]"
437,"[Flower vase, Table, Chair]"
438,"[Cricket-Bat, Cricket-Ball]"
439,"[Helmet, Gloves]"
440,"[Belt, Shoes, Tie]"
441,"[Tie, Blazer, Wallet]"
442,"[Television, Air-Conditioner]"
443,"[Wallet, Shoes, Sunglasses]"
444,"[Dress, Purse]"
445,"[FaceWash, T-Shirt, Belt]"
446,"[Dress, WomenHeels]"
447,"[Mobile, Mobile-BackCover, Headphones]"
448,"[Bag, Bottle, Belt]"
449,"[TongueCleaner, ToothPaste, FaceWash]"
450,"[Bag, Bottle, Pens, Pencil]"
451,"[Laptop, LaptopSkin, WirelessMouse]"
452,"[Blazer, Watch, Shoes]"
453,"[Tempered Glass, Mobile-BackCover]"
454,"[Helmet, Gloves, Knee-Guard]"
455,"[Knee-Guard, Gloves]"
456,"[Gloves, Knee-Guard]"
457,"[Tempered Glass, Mobile-BackCover]"
458,"[Cricket-Ball, Cricket-Bat]"
459,"[Bag, Bottle]"
460,"[TongueCleaner, ToothPaste]"
461,"[Television, Air-Conditioner]"
462,"[Flower vase, Table, Chair]"
463,"[StudyLamp, Table]"
464,"[Bedsheet, Cushion, Blanket]"
465,"[Blanket, Cushion]"
466,"[Induction-CookTops, Induction-Cookware]"
467,"[Flower vase, Table, Chair]"
468,"[Induction-CookTops, Induction-Cookware]"
469,"[Table, StudyLamp]"
470,"[Induction-CookTops, Induction-Cookware]"
471,"[Bedsheet, Cushion]"
472,"[StudyLamp, Table, Chair]"
473,"[Tempered Glass, Mobile-BackCover]"
474,"[Cricket-Ball, Cricket-Bat]"
475,"[Bag, Bottle, Pens, Pencil]"
476,"[Television, Air-Conditioner]"
477,"[WirelessMouse, Pendrive, Headphones]"
478,"[TongueCleaner, ToothPaste]"
479,"[Tempered Glass, Mobile-BackCover]"
480,"[Television, Air-Conditioner]"
481,"[Mobile, Mobile-BackCover, Headphones]"
482,"[Chair, Flower vase, Table]"
483,"[Knee-Guard, Helmet, Cricket-Bat, Cricket-Ball]"
484,"[Flower vase, Table, Chair]"
485,"[Bedsheet, Cushion]"
486,"[Induction-CookTops, Induction-Cookware]"
487,"[Flower vase, Table, Chair]"
488,"[Cricket-Ball, Cricket-Bat]"
489,"[Bag, Bottle]"
490,"[Induction-CookTops, Induction-Cookware]"
491,"[Television, Air-Conditioner, Table, Chair]"
492,"[Flower vase, Table, Chair]"
493,"[Cricket-Ball, Cricket-Bat]"
494,"[Bag, Bottle]"
495,"[Blazer, Watch, Shoes]"
496,"[Pendrive, Headphones, WirelessMouse]"
497,"[Television, Air-Conditioner]"
498,"[WirelessMouse, Pendrive, Headphones]"
499,"[T-Shirt, Shoes]"
500,"[TongueCleaner, ToothPaste]"
501,"[WirelessMouse, Pendrive, Headphones]"
502,"[Induction-CookTops, Induction-Cookware]"
503,"[TongueCleaner, ToothPaste]"
504,"[Induction-CookTops, Induction-Cookware]"
505,"[Flower vase, Table, Chair]"
506,"[TongueCleaner, ToothPaste]"
507,"[Induction-CookTops, Induction-Cookware]"
508,"[Bag, Bottle]"
509,"[TongueCleaner, ToothPaste]"
510,"[WirelessMouse, Pendrive, Headphones]"
511,"[Cricket-Ball, Cricket-Bat]"
512,"[Tempered Glass, Mobile-BackCover]"
513,"[Television, Air-Conditioner]"
514,"[Flower vase, Table, Chair]"
515,"[Bedsheet, Cushion]"
516,"[Bag, Bottle, Pens, Pencil]"
517,"[Television, Air-Conditioner]"
518,"[TongueCleaner, ToothPaste]"
519,"[Flower vase, Table, Chair]"
520,"[BasketBall, Knee-Guard]"
521,"[Flower vase, Table, Chair]"
522,"[Cricket-Ball, Cricket-Bat]"
523,"[Bag, Bottle]"
524,"[Television, Air-Conditioner]"
525,"[TongueCleaner, ToothPaste]"
526,"[WirelessMouse, Pendrive, Headphones]"
527,"[Flower vase, Table, Chair]"
528,"[Bedsheet, Cushion]"
529,"[TongueCleaner, ToothPaste]"
530,"[Induction-CookTops, Induction-Cookware]"
531,"[Cushion, Blanket, Bedsheet]"
533,"[TongueCleaner, ToothPaste]"
534,"[Induction-CookTops, Induction-Cookware]"
535,"[Bedsheet, Cushion]"
536,"[Flower vase, Table, Chair]"
537,"[Tempered Glass, Mobile-BackCover]"
538,"[Bag, Bottle, Pens, Pencil]"
539,"[Television, Air-Conditioner]"
540,"[TongueCleaner, ToothPaste]"
541,"[Cricket-Ball, Cricket-Bat]"
542,"[Blanket, Cushion]"
544,"[Shoes, Socks, Belt]"
545,"[T-Shirt, Shoes]"
546,"[Tempered Glass, Mobile-BackCover]"
548,"[Cricket-Ball, Cricket-Bat]"
549,"[Bag, Bottle, Pens, Pencil]"
550,"[Flower vase, Table, Chair]"
551,"[WirelessMouse, Pendrive, Headphones]"
553,"[TongueCleaner, ToothPaste]"
554,"[Tempered Glass, Mobile-BackCover]"
556,"[Mobile, Mobile-BackCover, Headphones]"
557,"[Shoes, Socks, Watch]"
558,"[Shoes, Blazer, Tie]"
559,"[Flower vase, Table, Chair]"
561,"[Shoes, Socks,]"
562,"[Blazer, Tie, Watch]"
563,"[Air-Conditioner, Table, Chair]"
564,"[Blazer, Tie, Shoes]"
565,"[Dress, WomenHeels, Earrings]"
567,"[Blazer, Watch, Shoes]"
568,"[Flower vase, Table, Chair]"
569,"[Pendrive, Headphones, WirelessMouse]"
570,"[WirelessMouse, Pendrive, Headphones]"
571,"[T-Shirt, Shoes]"
572,"[Laptop, LaptopSkin, WirelessMouse]"
573,"[T-Shirt, Watch]"
574,"[LaptopSkin, WirelessMouse]"
575,"[WirelessMouse, Laptop, LaptopSkin]"
576,"[T-Shirt, Shoes]"
577,"[Flower vase, Table, Chair]"
578,"[Pens, Pencil, Notebook]"
579,"[T-Shirt, Watch]"
580,"[Blazer, Tie]"
582,"[Notebook, Pencil]"
583,"[T-Shirt, Watch]"
584,"[Flower vase, Table, Chair]"
585,"[Pencil, Pens]"
586,"[T-Shirt, Watch]"
587,"[Notebook, Pens]"
588,"[T-Shirt, Watch]"
589,"[T-Shirt, Watch]"
591,"[Dress, WomenHeels, Earrings]"
592,"[Earrings, Dress]"
593,"[Dress, Earrings]"
594,"[WomenHeels, Earrings]"
595,"[Dress, WomenHeels]"
596,"[Earrings, Dress]"
597,"[Bag, Bottle, Pens, Pencil]"
598,"[Wallet, Sunglasses]"
599,"[Television, Air-Conditioner]"
600,"[Sunglasses, Perfumes]"
601,"[Perfumes, Wallet]"
602,"[Wallet, Sunglasses]"
603,"[Perfumes, Blazer, T-Shirt]"
604,"[Flower vase, Table, Chair]"
605,"[Perfumes, T-Shirt]"
606,"[Perfumes, T-Shirt]"
607,"[ToothPaste, ToothBrush]"
608,"[TongueCleaner, ToothPaste]"
609,"[FaceWash, ToothPaste, TongueCleaner]"
610,"[TongueCleaner,	ToothBrush]"
611,"[FaceWash, ToothPaste, ToothBrush]"
612,"[TongueCleaner, ToothPaste]"
613,"[Cricket-Ball, Cricket-Bat, Helmet]"
614,"[Gloves, Cricket-Bat, Cricket-Ball]"
615,"[Television, Air-Conditioner]"
616,"[Helmet, Gloves]"
617,"[Gloves, Helmet	]"
618,"[Flower vase, Table, Chair]"
619,"[Cricket-Bat, Cricket-Ball]"
620,"[Helmet, Gloves]"
621,"[Belt, Shoes, Tie]"
622,"[Tie, Blazer, Wallet]"
623,"[Television, Air-Conditioner]"
624,"[Wallet, Shoes, Sunglasses]"
625,"[Dress, Purse]"
626,"[FaceWash, T-Shirt, Belt]"
627,"[Dress, WomenHeels]"
628,"[Mobile, Mobile-BackCover, Headphones]"
629,"[Bag, Bottle, Belt]"
630,"[TongueCleaner, ToothPaste, FaceWash]"
631,"[Bag, Bottle, Pens, Pencil]"
632,"[Laptop, LaptopSkin, WirelessMouse]"
633,"[Blazer, Watch, Shoes]"
634,"[Tempered Glass, Mobile-BackCover]"
635,"[Helmet, Gloves, Knee-Guard]"
636,"[Knee-Guard, Gloves]"
637,"[Gloves, Knee-Guard]"
638,"[Tempered Glass, Mobile-BackCover]"
639,"[Cricket-Ball, Cricket-Bat]"
640,"[Bag, Bottle]"
641,"[TongueCleaner, ToothPaste]"
642,"[Television, Air-Conditioner]"
643,"[Flower vase, Table, Chair]"
644,"[StudyLamp, Table]"
645,"[Bedsheet, Cushion, Blanket]"
646,"[Blanket, Cushion]"
647,"[Induction-CookTops, Induction-Cookware]"
648,"[Flower vase, Table, Chair]"
649,"[Induction-CookTops, Induction-Cookware]"
650,"[Table, StudyLamp]"
651,"[Induction-CookTops, Induction-Cookware]"
652,"[Bedsheet, Cushion]"
653,"[StudyLamp, Table, Chair]"
654,"[Tempered Glass, Mobile-BackCover]"
655,"[Cricket-Ball, Cricket-Bat]"
656,"[Bag, Bottle, Pens, Pencil]"
657,"[Television, Air-Conditioner]"
658,"[WirelessMouse, Pendrive, Headphones]"
659,"[TongueCleaner, ToothPaste]"
660,"[Tempered Glass, Mobile-BackCover]"
661,"[Television, Air-Conditioner]"
662,"[Mobile, Mobile-BackCover, Headphones]"
663,"[Chair, Flower vase, Table]"
664,"[Knee-Guard, Helmet, Cricket-Bat, Cricket-Ball]"
665,"[Flower vase, Table, Chair]"
666,"[Bedsheet, Cushion]"
667,"[Induction-CookTops, Induction-Cookware]"
668,"[Flower vase, Table, Chair]"
669,"[Cricket-Ball, Cricket-Bat]"
670,"[Bag, Bottle]"
671,"[Induction-CookTops, Induction-Cookware]"
672,"[Television, Air-Conditioner, Table, Chair]"
673,"[Flower vase, Table, Chair]"
674,"[Cricket-Ball, Cricket-Bat]"
675,"[Bag, Bottle]"
676,"[Blazer, Watch, Shoes]"
677,"[Pendrive, Headphones, WirelessMouse]"
678,"[Television, Air-Conditioner]"
679,"[WirelessMouse, Pendrive, Headphones]"
680,"[T-Shirt, Shoes]"
681,"[TongueCleaner, ToothPaste]"
682,"[WirelessMouse, Pendrive, Headphones]"
683,"[Induction-CookTops, Induction-Cookware]"
684,"[TongueCleaner, ToothPaste]"
685,"[Induction-CookTops, Induction-Cookware]"
686,"[Flower vase, Table, Chair]"
687,"[TongueCleaner, ToothPaste]"
688,"[Induction-CookTops, Induction-Cookware]"
689,"[Bag, Bottle]"
690,"[TongueCleaner, ToothPaste]"
691,"[WirelessMouse, Pendrive, Headphones]"
692,"[Cricket-Ball, Cricket-Bat]"
693,"[Tempered Glass, Mobile-BackCover]"
694,"[Television, Air-Conditioner]"
695,"[Flower vase, Table, Chair]"
696,"[Bedsheet, Cushion]"
697,"[Bag, Bottle, Pens, Pencil]"
698,"[Television, Air-Conditioner]"
699,"[TongueCleaner, ToothPaste]"
700,"[Flower vase, Table, Chair]"
701,"[BasketBall, Knee-Guard]"
702,"[Flower vase, Table, Chair]"
703,"[Cricket-Ball, Cricket-Bat]"
704,"[Bag, Bottle]"
705,"[Television, Air-Conditioner]"
706,"[TongueCleaner, ToothPaste]"
707,"[WirelessMouse, Pendrive, Headphones]"
708,"[Flower vase, Table, Chair]"
709,"[Bedsheet, Cushion]"
710,"[TongueCleaner, ToothPaste]"
711,"[Induction-CookTops, Induction-Cookware]"
712,"[Cushion, Blanket, Bedsheet]"
714,"[TongueCleaner, ToothPaste]"
715,"[Induction-CookTops, Induction-Cookware]"
716,"[Bedsheet, Cushion]"
717,"[Flower vase, Table, Chair]"
718,"[Tempered Glass, Mobile-BackCover]"
719,"[Bag, Bottle, Pens, Pencil]"
720,"[Television, Air-Conditioner]"
721,"[TongueCleaner, ToothPaste]"
722,"[Cricket-Ball, Cricket-Bat]"
723,"[Blanket, Cushion]"
725,"[Perfumes, T-Shirt]"
726,"[ToothPaste, ToothBrush]"
727,"[TongueCleaner, ToothPaste]"
728,"[FaceWash, ToothPaste, TongueCleaner]"
729,"[TongueCleaner,	ToothBrush]"
730,"[FaceWash, ToothPaste, ToothBrush]"
731,"[TongueCleaner, ToothPaste]"
732,"[Cricket-Ball, Cricket-Bat, Helmet]"
733,"[Gloves, Cricket-Bat, Cricket-Ball]"
734,"[Television, Air-Conditioner]"
735,"[Helmet, Gloves]"
736,"[Gloves, Helmet	]"
737,"[Flower vase, Table, Chair]"
738,"[Cricket-Bat, Cricket-Ball]"
739,"[Helmet, Gloves]"
740,"[Belt, Shoes, Tie]"
741,"[Tie, Blazer, Wallet]"
742,"[Television, Air-Conditioner]"
743,"[Wallet, Shoes, Sunglasses]"
744,"[Dress, Purse]"
745,"[FaceWash, T-Shirt, Belt]"
746,"[Dress, WomenHeels]"
747,"[Mobile, Mobile-BackCover, Headphones]"
748,"[Bag, Bottle, Belt]"
749,"[TongueCleaner, ToothPaste, FaceWash]"
750,"[Bag, Bottle, Pens, Pencil]"
751,"[Laptop, LaptopSkin, WirelessMouse]"
752,"[Blazer, Watch, Shoes]"
753,"[Tempered Glass, Mobile-BackCover]"
754,"[Helmet, Gloves, Knee-Guard]"
755,"[Knee-Guard, Gloves]"
756,"[Gloves, Knee-Guard]"
757,"[Tempered Glass, Mobile-BackCover]"
758,"[Cricket-Ball, Cricket-Bat]"
759,"[Bag, Bottle]"
760,"[TongueCleaner, ToothPaste]"
761,"[Television, Air-Conditioner]"
762,"[Flower vase, Table, Chair]"
763,"[StudyLamp, Table]"
764,"[Bedsheet, Cushion, Blanket]"
765,"[Blanket, Cushion]"
766,"[Induction-CookTops, Induction-Cookware]"
767,"[Flower vase, Table, Chair]"
768,"[Induction-CookTops, Induction-Cookware]"
769,"[Table, StudyLamp]"
770,"[Induction-CookTops, Induction-Cookware]"
771,"[Bedsheet, Cushion]"
772,"[StudyLamp, Table, Chair]"
773,"[Tempered Glass, Mobile-BackCover]"
774,"[Cricket-Ball, Cricket-Bat]"
775,"[Bag, Bottle, Pens, Pencil]"
776,"[Television, Air-Conditioner]"
777,"[WirelessMouse, Pendrive, Headphones]"
778,"[TongueCleaner, ToothPaste]"
779,"[Tempered Glass, Mobile-BackCover]"
780,"[Television, Air-Conditioner]"
781,"[Mobile, Mobile-BackCover, Headphones]"
782,"[Chair, Flower vase, Table]"
783,"[Knee-Guard, Helmet, Cricket-Bat, Cricket-Ball]"
784,"[Flower vase, Table, Chair]"
785,"[Bedsheet, Cushion]"
786,"[Induction-CookTops, Induction-Cookware]"
787,"[Flower vase, Table, Chair]"
788,"[Cricket-Ball, Cricket-Bat]"
789,"[Bag, Bottle]"
790,"[Induction-CookTops, Induction-Cookware]"
791,"[Television, Air-Conditioner, Table, Chair]"
792,"[Flower vase, Table, Chair]"
793,"[Cricket-Ball, Cricket-Bat]"
794,"[Bag, Bottle]"
795,"[Blazer, Watch, Shoes]"
796,"[Pendrive, Headphones, WirelessMouse]"
797,"[Television, Air-Conditioner]"
798,"[WirelessMouse, Pendrive, Headphones]"
799,"[T-Shirt, Shoes]"
800,"[TongueCleaner, ToothPaste]"
801,"[WirelessMouse, Pendrive, Headphones]"
802,"[Induction-CookTops, Induction-Cookware]"
803,"[TongueCleaner, ToothPaste]"
804,"[Induction-CookTops, Induction-Cookware]"
805,"[Flower vase, Table, Chair]"
806,"[TongueCleaner, ToothPaste]"
807,"[Induction-CookTops, Induction-Cookware]"
808,"[Bag, Bottle]"
809,"[TongueCleaner, ToothPaste]"
810,"[WirelessMouse, Pendrive, Headphones]"
811,"[Cricket-Ball, Cricket-Bat]"
812,"[Tempered Glass, Mobile-BackCover]"
813,"[Television, Air-Conditioner]"
814,"[Flower vase, Table, Chair]"
815,"[Bedsheet, Cushion]"
816,"[Bag, Bottle, Pens, Pencil]"
817,"[Television, Air-Conditioner]"
818,"[TongueCleaner, ToothPaste]"
819,"[Flower vase, Table, Chair]"
820,"[BasketBall, Knee-Guard]"
821,"[Flower vase, Table, Chair]"
822,"[Cricket-Ball, Cricket-Bat]"
823,"[Bag, Bottle]"
824,"[Television, Air-Conditioner]"
825,"[TongueCleaner, ToothPaste]"
826,"[WirelessMouse, Pendrive, Headphones]"
827,"[Flower vase, Table, Chair]"
828,"[Bedsheet, Cushion]"
829,"[TongueCleaner, ToothPaste]"
830,"[Induction-CookTops, Induction-Cookware]"
831,"[Cushion, Blanket, Bedsheet]"
833,"[TongueCleaner, ToothPaste]"
834,"[Induction-CookTops, Induction-Cookware]"
835,"[Bedsheet, Cushion]"
836,"[Flower vase, Table, Chair]"
837,"[Tempered Glass, Mobile-BackCover]"
838,"[Bag, Bottle, Pens, Pencil]"
839,"[Television, Air-Conditioner]"
840,"[TongueCleaner, ToothPaste]"
841,"[Cricket-Ball, Cricket-Bat]"
842,"[Blanket, Cushion]"
844,"[Shoes, Socks, Belt]"
845,"[T-Shirt, Shoes]"
846,"[Tempered Glass, Mobile-BackCover]"
848,"[Cricket-Ball, Cricket-Bat]"
849,"[Bag, Bottle, Pens, Pencil]"
850,"[Flower vase, Table, Chair]"
851,"[WirelessMouse, Pendrive, Headphones]"
853,"[TongueCleaner, ToothPaste]"
854,"[Tempered Glass, Mobile-BackCover]"
856,"[Mobile, Mobile-BackCover, Headphones]"
857,"[Shoes, Socks, Watch]"
858,"[Shoes, Blazer, Tie]"
859,"[Flower vase, Table, Chair]"
861,"[Shoes, Socks,]"
862,"[Blazer, Tie, Watch]"
863,"[Air-Conditioner, Table, Chair]"
864,"[Blazer, Tie, Shoes]"
865,"[Dress, WomenHeels, Earrings]"
867,"[Blazer, Watch, Shoes]"
868,"[Flower vase, Table, Chair]"
869,"[Pendrive, Headphones, WirelessMouse]"
870,"[WirelessMouse, Pendrive, Headphones]"
871,"[T-Shirt, Shoes]"
872,"[Laptop, LaptopSkin, WirelessMouse]"
873,"[T-Shirt, Watch]"
874,"[LaptopSkin, WirelessMouse]"
875,"[WirelessMouse, Laptop, LaptopSkin]"
876,"[T-Shirt, Shoes]"
877,"[Flower vase, Table, Chair]"
878,"[Pens, Pencil, Notebook]"
879,"[T-Shirt, Watch]"
880,"[Blazer, Tie]"
882,"[Notebook, Pencil]"
883,"[T-Shirt, Watch]"
884,"[Flower vase, Table, Chair]"
885,"[Pencil, Pens]"
886,"[T-Shirt, Watch]"
887,"[Notebook, Pens]"
888,"[T-Shirt, Watch]"
889,"[T-Shirt, Watch]"
891,"[Dress, WomenHeels, Earrings]"
892,"[Earrings, Dress]"
893,"[Dress, Earrings]"
894,"[WomenHeels, Earrings]"
895,"[Dress, WomenHeels]"
896,"[Earrings, Dress]"
897,"[Bag, Bottle, Pens, Pencil]"
898,"[Wallet, Sunglasses]"
899,"[Television, Air-Conditioner]"
900,"[Sunglasses, Perfumes]"
949,"[Belt, Watch ]"
950,"[Belt, Watch ]"
951,"[Belt, Watch ]"
952,"[Belt, Watch ]"
953,"[Belt, Watch ]"
954,"[Belt, Watch ]"
955,"[Belt, Watch ]"
956,"[Belt, Watch ]"
957,"[Pendrive, Mouse ]"
958,"[Pendrive, Mouse ]"
959,"[Belt, Watch ]"
960,"[Belt, Watch ]"
961,"[Belt, Watch ]"
962,"[Belt, Watch ]"
963,"[Belt, Watch ]"
964,"[Belt, Watch ]"
965,"[Pendrive, Mouse ]"
966,"[Pendrive, Mouse ]"
967,"[Belt, Watch ]"
968,"[Belt, Watch ]"
969,"[Pendrive, Mouse ]"
970,"[Pendrive, Mouse ]"
971,"[Belt, Watch ]"
972,"[Belt, Watch ]"
973,"[Pendrive, Mouse ]"
974,"[Pendrive, Mouse ]"
975,"[Belt, Watch ]"
976,"[Belt, Watch ]"
977,"[Pendrive, Mouse ]"
978,"[Pendrive, Mouse ]"
979,"[Belt, Watch ]"
980,"[Belt, Watch ]"
981,"[Pendrive, Mouse ]"
982,"[Pendrive, Mouse ]"
983,"[Belt, Watch ]"
984,"[Belt, Watch ]"
985,"[Pendrive, Mouse ]"
986,"[Pendrive, Mouse ]"
987,"[Belt, Watch ]"
988,"[Belt, Watch ]"
989,"[Pendrive, Mouse ]"
990,"[Pendrive, Mouse ]"
991,"[Belt, Watch ]"
992,"[Belt, Watch ]"
993,"[Pendrive, Mouse ]"
994,"[Pendrive, Mouse ]"
995,"[Belt, Watch ]"
996,"[Belt, Watch ]"
997,"[Pendrive, Mouse ]"
998,"[Pendrive, Mouse ]"
999,"[Belt, Watch ]"
1000,"[Belt, Watch ]"
1001,"[Pendrive, Mouse ]"
1002,"[Pendrive, Mouse ]"
1003,"[Belt, Watch ]"
1004,"[Belt, Watch ]"
1005,"[Pendrive, Mouse ]"
1006,"[Pendrive, Mouse ]"
1007,"[Belt, Watch ]"
1008,"[Belt, Watch ]"
1009,"[Pendrive, Mouse ]"
1010,"[Pendrive, Mouse ]"
1011,"[Belt, Watch ]"
1012,"[Belt, Watch ]"
1013,"[Pendrive, Mouse ]"
1014,"[Pendrive, Mouse ]"
1015,"[Belt, Watch ]"
1016,"[Belt, Watch ]"
1017,"[Pendrive, Mouse ]"
1018,"[Pendrive, Mouse ]"
1019,"[Belt, Watch ]"
1020,"[Belt, Watch ]"
1021,"[Pendrive, Mouse ]"
1022,"[Pendrive, Mouse ]"
1023,"[Belt, Watch ]"
1024,"[Belt, Watch ]"
1025,"[Pendrive, Mouse ]"
1026,"[Pendrive, Mouse ]"
1027,"[Belt, Watch ]"
1028,"[Belt, Watch ]"
1029,"[Pendrive, Mouse ]"
1030,"[Pendrive, Mouse ]"
1031,"[Belt, Watch ]"
1032,"[Pendrive, Mouse ]"
1033,"[Pendrive, Mouse ]"
1034,"[Belt, Watch ]"
1035,"[Belt, Watch ]"
1036,"[Pendrive, Mouse ]"
1037,"[Pendrive, Mouse ]"
1038,"[Belt, Watch ]"
1039,"[Belt, Watch ]"
1040,"[Pendrive, Mouse ]"
1041,"[Pendrive, Mouse ]"
1042,"[Belt, Watch ]"
1043,"[Belt, Watch ]"
1044,"[Pendrive, Mouse ]"
1045,"[Pendrive, Mouse ]"
1046,"[Belt, Watch ]"
1047,"[Belt, Watch ]"
1048,"[Pendrive, Mouse ]"
1049,"[Pendrive, Mouse ]"
1050,"[Belt, Watch ]"
1051,"[Belt, Watch ]"
1052,"[Belt, Watch ]"
1053,"[Belt, Watch ]"
1054,"[Belt, Watch ]"
1055,"[Belt, Watch ]"
1056,"[Belt, Watch ]"
1057,"[Belt, Watch ]"
1058,"[Pendrive, Mouse ]"
1059,"[Pendrive, Mouse ]"
1060,"[Belt, Watch ]"
1061,"[Belt, Watch ]"
1062,"[Belt, Watch ]"
1063,"[Belt, Watch ]"
1064,"[Belt, Watch ]"
1065,"[Belt, Watch ]"
1066,"[Pendrive, Mouse ]"
1067,"[Pendrive, Mouse ]"
1068,"[Belt, Watch ]"
1069,"[Belt, Watch ]"
1070,"[Pendrive, Mouse ]"
1071,"[Pendrive, Mouse ]"
1072,"[Belt, Watch ]"
1073,"[Belt, Watch ]"
1074,"[Pendrive, Mouse ]"
1075,"[Pendrive, Mouse ]"
1076,"[Belt, Watch ]"
1077,"[Belt, Watch ]"
1078,"[Pendrive, Mouse ]"
1079,"[Pendrive, Mouse ]"
1080,"[Belt, Watch ]"
1081,"[Belt, Watch ]"
1082,"[Pendrive, Mouse ]"
1083,"[Pendrive, Mouse ]"
1084,"[Belt, Watch ]"
1085,"[Belt, Watch ]"
1086,"[Pendrive, Mouse ]"
1087,"[Pendrive, Mouse ]"
1088,"[Belt, Watch ]"
1089,"[Belt, Watch ]"
1090,"[Pendrive, Mouse ]"
1091,"[Pendrive, Mouse ]"
1092,"[Belt, Watch ]"
1093,"[Belt, Watch ]"
1094,"[Pendrive, Mouse ]"
1095,"[Pendrive, Mouse ]"
1096,"[Belt, Watch ]"
1097,"[Belt, Watch ]"
1098,"[Pendrive, Mouse ]"
1099,"[Pendrive, Mouse ]"
1100,"[Belt, Watch ]"
1101,"[Belt, Watch ]"
1102,"[Pendrive, Mouse ]"
1103,"[Pendrive, Mouse ]"
1104,"[Belt, Watch ]"
1105,"[Belt, Watch ]"
1106,"[Pendrive, Mouse ]"
1107,"[Pendrive, Mouse ]"
1108,"[Belt, Watch ]"
1109,"[Belt, Watch ]"
1110,"[Pendrive, Mouse ]"
1111,"[Pendrive, Mouse ]"
1112,"[Belt, Watch ]"
1113,"[Belt, Watch ]"
1114,"[Pendrive, Mouse ]"
1115,"[Pendrive, Mouse ]"
1116,"[Belt, Watch ]"
1117,"[Belt, Watch ]"
1118,"[Pendrive, Mouse ]"
1119,"[Pendrive, Mouse ]"
1120,"[Belt, Watch ]"
1121,"[Belt, Watch ]"
1122,"[Pendrive, Mouse ]"
1123,"[Pendrive, Mouse ]"
1124,"[Belt, Watch ]"
1125,"[Belt, Watch ]"
1126,"[Pendrive, Mouse ]"
1127,"[Pendrive, Mouse ]"
1128,"[Belt, Watch ]"
1129,"[Belt, Watch ]"
1130,"[Pendrive, Mouse ]"
1131,"[Pendrive, Mouse ]"
1132,"[Belt, Watch ]"
1133,"[Pendrive, Mouse ]"
1134,"[Pendrive, Mouse ]"
1135,"[Belt, Watch ]"
1136,"[Belt, Watch ]"
1137,"[Pendrive, Mouse ]"
1138,"[Pendrive, Mouse ]"
1139,"[Belt, Watch ]"
1140,"[Belt, Watch ]"
1141,"[Pendrive, Mouse ]"
1142,"[Pendrive, Mouse ]"
1143,"[Belt, Watch ]"
1144,"[Belt, Watch ]"
1145,"[Pendrive, Mouse ]"
1146,"[Pendrive, Mouse ]"
1147,"[Belt, Watch ]"
1148,"[Belt, Watch ]"
1149,"[Pendrive, Mouse ]"
1150,"[Pendrive, Mouse ]"
1151,"[Belt, Watch ]"
1152,"[Belt, Watch ]"
1153,"[Belt, Watch ]"
1154,"[Pens, Watch]"
1155,"[BasketBall, Shoes, Socks, WomenHeels]"
1156,[Tie]
1157,"[Tie, Blazer]"
1158,"[Blazer, Laptop, Socks]"
1159,"[Shoes, Socks]"
1160,"[Shoes, Socks]"
1161,"[Shoes, Socks]"
1162,"[Shoes, Socks]"
1163,"[Shoes, Socks]"
1164,"[Shoes, Socks]"
1165,"[Shoes, Socks]"
1166,"[Shoes, Socks]"
1167,"[Shoes, Socks]"
1168,"[Shoes, Socks]"
1169,"[Shoes, Socks]"
1170,"[Shoes, Socks]"
1171,"[Shoes, Socks]"
1172,"[Shoes, Socks]"
1173,"[Shoes, Socks]"
1174,"[Shoes, Socks]"
1175,"[Shoes, Socks]"
1176,"[Shoes, Socks]"
